Shift,AVG,ISO,Pull%,Cent%,Oppo%,Hard%
No Shift,0.22514036,0.01922162,0.55086117,0.31506328,0.13407555,0.26453516
Traditional Shift,0.21467689,0.01772379,0.55152843,0.32928408,0.11918749,0.2648611